"runners2@tribemediahouse.com",15,"/home/ec2-user/NodeApi/public/uploads/d2a51e3d-171d-456b-a1c1-051a37c32833/ae9f0e95-3eef-401d-b37f-0f1aa3d29070.csv"
"min stepdiff",39
"max stepdiff",45
"median stepdiff",42.
"mean stepdiff",41.60294117647059
"StandardDeviation stepdiff",1.2945316202747357
"stepdiffs"
40,41,43,42,41,42,42,41,42,40,45,41,43,41,42,42,42,41,44,41,43,41,43,42,41,42,42,42,41,41,42,40,44,40,42,42,43,40,43,39,43,41,43,42,43,40,41,39,43,41,41,40,42,41,42,40,42,41,42,44,40,39,43,43,41,39,42,42
