"runners2@tribemediahouse.com",8,"/home/ec2-user/NodeApi/public/uploads/d2a51e3d-171d-456b-a1c1-051a37c32833/f5a6d7e4-2f93-4ecf-8222-1e045d8efdd0.csv"
"min stepdiff",11
"max stepdiff",56
"median stepdiff",44.
"mean stepdiff",39.690140845070424
"StandardDeviation stepdiff",11.800231897595154
"stepdiffs"
45,43,44,46,12,33,48,43,47,44,50,11,32,48,42,48,43,49,42,49,14,36,45,46,48,12,33,49,12,33,47,43,49,42,49,12,33,48,44,46,11,35,45,41,47,42,48,40,48,44,48,39,49,40,47,44,47,45,48,41,45,11,34,44,11,35,56,34,46,44,49
