"runners2@tribemediahouse.com",5,"/home/ec2-user/NodeApi/public/uploads/d2a51e3d-171d-456b-a1c1-051a37c32833/e031e239-b6e3-403c-abd4-8eea486b47d2.csv"
"min stepdiff",36
"max stepdiff",39
"median stepdiff",37.
"mean stepdiff",37.328947368421055
"StandardDeviation stepdiff",0.7552157818749436
"stepdiffs"
37,38,38,36,37,38,38,37,37,37,38,37,37,39,37,37,37,38,36,38,39,36,37,37,38,37,37,37,37,37,38,38,36,37,38,36,37,37,38,37,38,37,39,36,37,37,38,39,36,37,39,37,37,37,38,37,38,37,37,38,38,37,37,37,38,37,38,37,37,38,37,38,37,38,36,37
