"faris@tribemediahouse.com",70,"34.221.95.211:8888/uploads/0d15fd7d-3c57-408e-a317-c67228010061/4a0fa135-daec-4e2d-afeb-6b8f2d252f68.csv"
"min stepdiff",35
"max stepdiff",39
"median stepdiff",37.
"mean stepdiff",36.67088607594937
"StandardDeviation stepdiff",0.8121121399662478
"stepdiffs"
36,39,36,36,37,37,36,37,36,36,36,38,36,36,37,37,37,35,37,36,36,38,37,37,37,37,37,36,37,36,38,38,36,38,35,38,36,37,37,37,36,39,36,37,36,37,37,36,37,36,37,37,36,35,38,36,38,36,37,36,37,36,37,36,37,37,37,36,37,37,36,37,36,37,36,36,37,36,37
