"Interval_no","Rotation Matrix"

1,0.9536615,-0.012812,-0.3006088

1,0.012812,0.999916,-0.0019714

1,0.3006088,-0.0019714,0.9537455
