"runners2@tribemediahouse.com",13,"/home/ec2-user/NodeApi/public/uploads/d2a51e3d-171d-456b-a1c1-051a37c32833/bf5080d6-146a-444e-82c2-b8c4619df00d.csv"
"min stepdiff",33
"max stepdiff",42
"median stepdiff",37.
"mean stepdiff",37.30263157894737
"StandardDeviation stepdiff",1.6084753596049088
"stepdiffs"
37,39,36,36,37,40,35,38,37,37,36,39,38,35,38,37,38,36,40,34,39,36,36,38,37,38,37,37,38,36,37,38,42,33,37,38,41,33,37,39,37,37,38,36,36,39,35,39,38,37,37,37,37,37,39,37,39,37,38,36,36,38,39,34,39,37,38,37,37,39,37,36,40,37,37,38
