"runners2@tribemediahouse.com",6,"/home/ec2-user/NodeApi/public/uploads/d2a51e3d-171d-456b-a1c1-051a37c32833/e727afde-ef42-4a19-8333-3836134e71a9.csv"
"min stepdiff",34
"max stepdiff",41
"median stepdiff",37.
"mean stepdiff",37.103896103896105
"StandardDeviation stepdiff",1.1874831365496876
"stepdiffs"
38,36,38,36,38,36,38,37,39,35,41,34,37,37,38,36,36,37,39,37,37,37,37,36,38,37,38,36,38,37,36,37,38,36,38,37,37,35,39,36,38,41,34,38,36,36,37,37,38,36,38,36,38,37,38,36,37,37,37,37,38,36,38,37,37,37,37,37,37,38,37,37,36,37,38,37,38
