"projectdasein56@gmail.com",5,"/home/ec2-user/NodeApi/public/uploads/eb88ef49-5871-47ac-95c4-79de186a23d5/2354f9c6-abd4-4d9b-9899-c03e314fdf67.csv"
"min stepdiff",3
"max stepdiff",38
"median stepdiff",32.
"mean stepdiff",31.414893617021278
"StandardDeviation stepdiff",8.292255195368755
"stepdiffs"
37,32,36,31,33,4,31,37,31,37,31,37,31,37,31,33,4,31,37,32,31,36,37,31,33,4,32,33,3,31,32,37,36,32,36,32,32,35,36,30,37,31,33,35,36,31,38,32,36,32,36,32,36,29,38,32,32,3,32,36,32,36,32,36,32,35,32,36,32,36,31,33,3,32,36,31,37,32,37,31,33,4,31,36,31,36,31,37,32,37,31,36,31,36
