"runners2@tribemediahouse.com",16,"/home/ec2-user/NodeApi/public/uploads/d2a51e3d-171d-456b-a1c1-051a37c32833/2787c497-176c-46c2-b4a7-44ec5c04b1f0.csv"
"min stepdiff",38
"max stepdiff",45
"median stepdiff",41.
"mean stepdiff",40.84285714285714
"StandardDeviation stepdiff",1.2925170846370562
"stepdiffs"
42,39,41,42,41,39,42,43,40,41,40,41,41,40,42,42,39,43,40,40,39,42,41,40,41,41,40,42,40,44,40,41,41,43,40,39,40,41,39,40,41,43,40,41,41,41,42,39,41,42,41,40,41,41,40,42,40,41,42,41,40,45,38,42,39,40,41,41,42,39
