"front.office@emergencept.com",4,"/home/ec2-user/NodeApi/public/uploads/147b6c45-08ac-4de8-bf07-13b93f1f237e/8b651ff9-6b4b-47f8-8d03-c4ddc9a7eb35.csv"
"min stepdiff",37
"max stepdiff",43
"median stepdiff",39
"mean stepdiff",39.583333333333336
"StandardDeviation stepdiff",1.3814668668575993
"stepdiffs"
40,40,39,38,42,40,40,40,39,39,41,37,42,41,39,37,41,39,39,39,40,40,38,41,38,40,40,38,42,38,41,39,40,39,42,39,42,38,43,38,42,39,41,38,42,39,39,39,41,40,38,39,41,41,38,40,38,39,40,38,41,39,39,39,40,39,37,40,39,40,39,38
