Interval_no,Rotation Matrix 

 2,0.8979309,-0.0003171,0.4401363 

 2,0.0003171,0.9999999,7.35e-05 

 2,-0.4401363,7.35e-05,0.897931 
