"runners2@tribemediahouse.com",10,"/home/ec2-user/NodeApi/public/uploads/d2a51e3d-171d-456b-a1c1-051a37c32833/bf845a44-0bfa-4a2c-af34-2e247362cf47.csv"
"min stepdiff",11
"max stepdiff",47
"median stepdiff",29.
"mean stepdiff",29.938144329896907
"StandardDeviation stepdiff",12.092365388429396
"stepdiffs"
15,29,12,31,16,28,45,16,29,43,15,28,44,16,27,46,15,29,13,32,15,30,43,17,28,46,16,29,44,16,29,44,15,28,44,15,30,13,31,17,28,12,34,41,12,33,16,30,44,17,29,11,32,15,29,45,15,28,44,14,30,44,41,45,42,43,14,29,44,43,44,14,29,45,43,42,40,44,14,26,47,41,44,41,44,15,28,44,42,44,16,27,43,15,29,44,16
