"runners2@tribemediahouse.com",22,"/home/ec2-user/NodeApi/public/uploads/d2a51e3d-171d-456b-a1c1-051a37c32833/77ea8f07-580c-41f4-a7d8-6237d91cd98c.csv"
"min stepdiff",30
"max stepdiff",38
"median stepdiff",34.
"mean stepdiff",34.273809523809526
"StandardDeviation stepdiff",1.4508094165953356
"stepdiffs"
31,35,34,34,35,36,33,36,34,35,34,35,34,34,34,35,34,35,34,34,34,35,34,37,31,36,32,38,31,35,38,30,33,35,34,36,32,35,34,35,34,34,34,36,33,36,33,34,34,35,34,35,33,36,32,35,35,33,35,35,33,34,34,36,37,31,33,35,33,35,34,34,34,34,34,35,34,34,36,34,34,35,34,35
