"runners2@tribemediahouse.com",11,"/home/ec2-user/NodeApi/public/uploads/d2a51e3d-171d-456b-a1c1-051a37c32833/e90b55a2-1aab-4c28-af8f-efdf3fea0753.csv"
"min stepdiff",11
"max stepdiff",46
"median stepdiff",42.
"mean stepdiff",41.794117647058826
"StandardDeviation stepdiff",4.187967210841904
"stepdiffs"
45,42,43,43,42,41,42,43,45,40,44,43,42,39,45,42,43,42,41,45,40,42,42,42,39,44,43,41,42,11,33,41,46,43,41,41,45,42,41,42,43,41,43,43,43,42,43,42,42,41,44,44,41,42,44,43,42,42,43,43,42,43,43,42,42,41,43,42
