"front.office@emergencept.com",8,"/home/ec2-user/NodeApi/public/uploads/147b6c45-08ac-4de8-bf07-13b93f1f237e/ad30db30-35a2-436d-b64a-cfebd7c6e4dd.csv"
"min stepdiff",35
"max stepdiff",38
"median stepdiff",37
"mean stepdiff",36.90909090909091
"StandardDeviation stepdiff",0.6724233116481365
"stepdiffs"
36,37,38,36,37,38,36,36,37,37,37,37,36,37,36,38,36,37,37,37,36,38,37,37,37,37,37,36,37,36,37,38,37,37,37,38,35,38,36,37,37,37,37,37,37,38,37,36,38,37,38,36,37,37,36,38,36,37,36,37,37,38,37,38,36,37,37,36,37,37,37,37,37,37,37,37,37
