"front.office@emergencept.com",11,"/home/ec2-user/NodeApi/public/uploads/147b6c45-08ac-4de8-bf07-13b93f1f237e/a67563a5-7c2e-4c90-af00-575cf50056cf.csv"
"min stepdiff",35
"max stepdiff",38
"median stepdiff",37.
"mean stepdiff",36.69230769230769
"StandardDeviation stepdiff",0.8724899777296936
"stepdiffs"
38,36,38,37,38,36,37,37,38,36,37,36,37,36,37,37,38,36,37,36,38,36,38,36,37,36,37,36,38,36,37,36,38,36,37,35,38,36,37,36,38,36,37,36,37,36,37,36,37,36,37,36,37,35,37,36,37,36,37,36,37,36,37,37,38,36,37,36,38,36,37,36,38,35,38,35,38,35
