"faris@tribemediahouse.com",2,"34.221.95.211:8888/uploads/0d15fd7d-3c57-408e-a317-c67228010061/e3f21bf1-31fd-4cea-94dd-5df2e8cad24f.csv"
"min stepdiff",36
"max stepdiff",39
"median stepdiff",38.
"mean stepdiff",37.88157894736842
"StandardDeviation stepdiff",0.7825957707213075
"stepdiffs"
37,38,38,38,39,38,38,38,38,38,38,38,38,38,37,39,39,37,37,38,39,38,36,38,38,39,37,39,37,37,39,39,37,38,39,39,39,38,38,38,38,38,38,39,38,38,38,36,38,37,38,38,37,38,38,37,37,39,38,39,37,38,37,38,39,38,37,38,37,39,38,37,36,37,37,38
