Interval_no,Rotation Matrix 

 2,0.9090922,-0.0277561,0.4156694 

 2,0.0277561,0.9995965,0.0060434 

 2,-0.4156694,0.0060434,0.9094957 
