"runners2@tribemediahouse.com",18,"/home/ec2-user/NodeApi/public/uploads/d2a51e3d-171d-456b-a1c1-051a37c32833/23281c90-be59-4e51-b3a6-1da490557958.csv"
"min stepdiff",35
"max stepdiff",38
"median stepdiff",37.
"mean stepdiff",36.743589743589745
"StandardDeviation stepdiff",0.6533807671690581
"stepdiffs"
38,37,36,37,37,37,37,37,36,38,36,37,36,36,38,35,37,37,36,37,37,37,37,36,38,37,35,37,38,37,37,37,37,37,36,36,38,37,37,36,37,37,37,37,37,37,37,37,36,36,36,37,37,37,37,36,37,37,37,37,36,37,37,35,37,37,36,36,37,37,37,36,36,37,36,37,37,37
