"faris@tribemediahouse.com",64,"34.221.95.211:8888/uploads/0d15fd7d-3c57-408e-a317-c67228010061/bfb6bf74-8de2-438e-afda-657c52f572af.csv"
"min stepdiff",32
"max stepdiff",39
"median stepdiff",34.
"mean stepdiff",34.37647058823529
"StandardDeviation stepdiff",1.1230959610893123
"stepdiffs"
36,32,39,34,35,35,37,35,36,34,37,34,36,34,35,35,35,35,36,34,36,32,35,34,35,33,36,33,35,34,35,35,34,34,35,33,34,35,34,34,35,32,35,35,35,33,35,34,34,34,35,34,34,34,34,34,34,33,34,34,34,34,35,33,35,33,34,35,34,34,34,34,33,35,32,34,35,35,34,34,34,34,34,34,33
