"runners2@tribemediahouse.com",21,"/home/ec2-user/NodeApi/public/uploads/d2a51e3d-171d-456b-a1c1-051a37c32833/96aedede-1bc1-489f-9f86-f1e0f6c6ba1b.csv"
"min stepdiff",37
"max stepdiff",42
"median stepdiff",39.
"mean stepdiff",39.16438356164384
"StandardDeviation stepdiff",1.2694454019826595
"stepdiffs"
42,37,41,37,39,39,40,38,39,37,39,39,40,40,41,38,40,38,40,39,40,38,39,39,39,39,40,37,39,38,40,39,38,38,41,37,39,39,40,38,39,39,40,38,42,38,40,40,41,38,40,38,42,39,41,38,40,39,39,38,42,39,39,37,40,38,40,40,39,38,41,39,38
