"runners2@tribemediahouse.com",12,"/home/ec2-user/NodeApi/public/uploads/d2a51e3d-171d-456b-a1c1-051a37c32833/2735cc45-afcd-46e4-96d0-25379d897036.csv"
"min stepdiff",11
"max stepdiff",46
"median stepdiff",43.
"mean stepdiff",42.298507462686565
"StandardDeviation stepdiff",4.390122954629135
"stepdiffs"
42,44,40,45,40,43,45,41,42,46,39,45,42,42,44,42,43,46,40,46,41,42,42,44,41,43,11,33,45,39,45,40,46,41,45,42,44,43,45,42,42,43,44,43,43,42,44,42,43,43,42,42,44,44,44,43,43,42,44,43,42,43,44,43,44,42,45
