"runners2@tribemediahouse.com",24,"/home/ec2-user/NodeApi/public/uploads/d2a51e3d-171d-456b-a1c1-051a37c32833/7db88a10-8510-4836-aad3-d7fd54b2f330.csv"
"min stepdiff",32
"max stepdiff",40
"median stepdiff",37.
"mean stepdiff",36.24050632911393
"StandardDeviation stepdiff",1.8060808247341118
"stepdiffs"
36,32,37,36,35,36,38,37,35,38,34,38,37,33,36,36,37,37,33,37,35,38,34,38,38,34,35,39,34,38,38,34,34,38,36,37,36,38,35,37,37,37,37,35,34,38,35,38,36,37,37,36,38,34,35,37,35,38,38,33,35,39,34,38,35,38,35,40,33,38,35,38,35,40,37,34,38,34,38
