"runners2@tribemediahouse.com",14,"/home/ec2-user/NodeApi/public/uploads/d2a51e3d-171d-456b-a1c1-051a37c32833/d1d146c3-dfc8-4071-a7e8-ab03333f7cd2.csv"
"min stepdiff",35
"max stepdiff",41
"median stepdiff",38.
"mean stepdiff",37.93333333333333
"StandardDeviation stepdiff",1.119040773275153
"stepdiffs"
37,37,39,37,40,37,38,39,36,38,39,38,37,38,37,39,37,39,38,38,39,37,38,40,37,38,38,37,38,40,35,41,37,39,38,39,38,38,37,38,37,38,38,39,38,38,38,38,37,39,36,39,38,38,37,39,37,39,37,37,38,38,38,38,37,39,38,38,37,38,39,37,37,41,35
