"faris@tribemediahouse.com",72,"34.221.95.211:8888/uploads/0d15fd7d-3c57-408e-a317-c67228010061/6f8c75a9-1ce6-4d9f-aeec-b62a0083fbbc.csv"
"min stepdiff",33
"max stepdiff",72
"median stepdiff",35.
"mean stepdiff",35.5609756097561
"StandardDeviation stepdiff",4.178420639001632
"stepdiffs"
35,36,35,36,35,36,34,35,35,35,34,72,35,35,36,35,37,36,36,34,35,35,35,36,37,34,35,33,36,35,35,35,37,34,35,34,36,34,35,35,36,34,35,37,36,34,36,35,36,34,35,34,35,35,34,35,35,34,36,35,36,35,35,34,36,35,34,35,37,34,34,34,37,34,36,34,35,34,37,35,36,35
