"projectdasein56@gmail.com",2,"/home/ec2-user/NodeApi/public/uploads/eb88ef49-5871-47ac-95c4-79de186a23d5/9cbf69dc-1ae8-4607-ae63-e6388171c387.csv"
"min stepdiff",29
"max stepdiff",40
"median stepdiff","69/2"
"mean stepdiff",34.55952380952381
"StandardDeviation stepdiff",4.706701683171139
"stepdiffs"
29,39,30,39,30,40,30,40,29,39,31,38,29,39,30,40,29,39,31,39,30,39,30,39,29,38,30,38,30,39,30,40,29,40,30,40,30,39,30,39,30,39,30,39,30,40,29,40,30,39,31,39,31,38,30,40,31,38,30,39,30,39,29,40,29,39,31,38,30,39,31,40,30,40,30,40,30,39,30,38,30,40,29,40
