"projectdasein56@gmail.com",6,"/home/ec2-user/NodeApi/public/uploads/eb88ef49-5871-47ac-95c4-79de186a23d5/5f17bb64-729f-4c91-8f80-1634f88cf343.csv"
"min stepdiff",33
"max stepdiff",70
"median stepdiff",35
"mean stepdiff",35.207317073170735
"StandardDeviation stepdiff",3.996102437168857
"stepdiffs"
36,35,33,35,34,35,34,35,34,36,33,36,34,36,34,35,34,35,35,36,34,36,35,34,34,35,36,36,70,35,35,34,36,34,36,34,36,33,35,34,35,34,36,34,35,34,34,36,34,34,35,34,35,34,35,34,36,34,35,34,36,33,36,33,37,34,34,35,35,34,36,35,35,34,36,35,35,35,35,35,36,34
