"faris@tribemediahouse.com",59,"34.221.95.211:8888/uploads/0d15fd7d-3c57-408e-a317-c67228010061/e65adb5b-4da6-4a91-ab68-acfbbf09c5f8.csv"
"min stepdiff",31
"max stepdiff",38
"median stepdiff",34.
"mean stepdiff",33.74418604651163
"StandardDeviation stepdiff",1.4240459882827472
"stepdiffs"
35,35,33,33,37,32,36,34,36,34,34,34,34,34,34,32,32,32,35,35,34,33,34,32,35,34,33,35,34,36,34,32,32,33,35,33,35,35,36,34,33,34,34,33,33,33,32,37,32,33,32,34,33,33,32,33,33,36,34,34,33,31,33,33,33,33,33,33,34,33,33,34,32,33,34,37,36,31,35,38,33,34,36,32,33,34
