"runners2@tribemediahouse.com",17,"/home/ec2-user/NodeApi/public/uploads/d2a51e3d-171d-456b-a1c1-051a37c32833/a6812e53-16f0-409c-855c-18aeed49add3.csv"
"min stepdiff",3
"max stepdiff",48
"median stepdiff",41.5
"mean stepdiff",41.142857142857146
"StandardDeviation stepdiff",5.462084632264562
"stepdiffs"
44,42,40,41,43,41,40,44,43,37,45,38,47,36,40,46,39,38,48,35,41,39,47,3,38,47,36,45,38,43,39,45,40,44,41,41,41,37,44,45,40,44,41,44,40,43,41,43,40,44,44,43,41,45,39,41,44,42,42,37,43,42,45,43,40,38,43,44,40,43
