"Interval_no","Rotation Matrix"

1,0.9573037,-0.0245683,-0.2880384

1,0.0245683,0.9996916,-0.0036155

1,0.2880384,-0.0036155,0.957612
