"runners2@tribemediahouse.com",9,"/home/ec2-user/NodeApi/public/uploads/d2a51e3d-171d-456b-a1c1-051a37c32833/85f9b3dc-302b-4627-80d7-73186db04f63.csv"
"min stepdiff",12
"max stepdiff",52
"median stepdiff",31.
"mean stepdiff",31.043478260869566
"StandardDeviation stepdiff",12.32072589865759
"stepdiffs"
44,16,27,13,34,13,28,13,32,15,28,45,13,30,44,15,27,44,43,44,14,27,44,15,28,44,14,29,45,16,28,12,32,14,29,44,17,30,12,31,15,27,43,14,27,43,13,31,46,39,13,31,14,30,43,14,29,42,14,29,46,15,29,44,41,13,33,43,43,14,29,43,52,37,41,43,41,43,41,43,44,44,14,31,42,44,40,43,48,37,43,42
