"faris@tribemediahouse.com",39,"34.221.95.211:8888/uploads/0d15fd7d-3c57-408e-a317-c67228010061/4aef85bb-20fa-4a91-8af7-bdbb4acf797c.csv"
"min stepdiff",31
"max stepdiff",37
"median stepdiff",34.
"mean stepdiff",33.8235294117647
"StandardDeviation stepdiff",1.166766702393896
"stepdiffs"
33,33,35,31,37,32,34,33,35,34,34,33,35,35,32,34,35,32,35,33,35,34,32,34,35,31,37,33,34,34,34,33,34,33,33,33,37,34,33,35,33,33,34,34,34,35,33,34,35,33,35,34,34,33,34,35,33,35,33,34,35,33,33,33,34,35,33,33,35,33,34,34,33,33,34,34,33,36,33,34,32,34,35,33,35
