"runners2@tribemediahouse.com",7,"/home/ec2-user/NodeApi/public/uploads/d2a51e3d-171d-456b-a1c1-051a37c32833/a42449c5-9d33-4207-bd65-d271c6f47f9f.csv"
"min stepdiff",11
"max stepdiff",59
"median stepdiff",45.
"mean stepdiff",39.333333333333336
"StandardDeviation stepdiff",12.122613021905519
"stepdiffs"
50,48,11,36,47,12,35,47,12,36,54,35,46,47,48,45,45,12,33,46,44,46,46,13,49,33,45,46,47,13,33,46,46,48,40,50,45,43,11,33,46,44,59,37,47,42,45,47,47,14,33,46,12,33,44,43,49,38,45,42,44,43,47,39,47,12,35,47,46,45,48,44
