Interval_no,Rotation Matrix 

 2,0.8917049,0.0114563,0.4524722 

 2,-0.0114563,0.9999306,-0.0027402 

 2,-0.4524722,-0.0027402,0.8917743 
