Interval_no,Rotation Matrix 

 1,0.9039587,-0.0120595,-0.4274498 

 1,0.0120595,0.9999236,-0.0027074 

 1,0.4274498,-0.0027074,0.904035 
